Year,TractCE,"1,1,2-Trichloroethane","1,1,2,2-Tetrachloroethane","1,2-Ethanediol (Ethylene Glycol)","1,3-Butadiene","1,4-Dichlorobenzene","1,4-Dioxane (1,4-Diethyleneoxide)","2,2,4-Trimethylpentane",Acetaldehyde,Acrolein,Acrylic Acid,Acrylonitrile,Ammonia,Antimony,Arsenic,Benzene,Cadmium,Carbon Dioxide,Carbon Disulfide,Carbon Monoxide,Carbon Tetrachloride,Chlorine,Chlorobenzene,Chloroethene (vinyl chloride),Chloroform,Chromium,Cobalt,Cresols/Cresylic Acid (Isomers And Mixture),Cyanides,Dibutylphthalate,Ethyl Chloride (Chloroethane),Ethylbenzene,"Ethylene Dichloride (1,2-Dichloroethane)",Ethylene Oxide,"Ethylidene Dichloride (1,1-Dichloroethane)",Formaldehyde,Glycol Ethers,Hexane,Hexavalent Chromium,Hydrochloric Acid,Hydrogen Fluoride (Hydrofluoric Acid),Hydrogen Sulfide,Isophorone,Lead,m-Xylene,Maleic Anhydride,Manganese,Mercury,Methane,Methanol,Methyl Chloride (Chloromethane),"Methyl Chloroform (1,1,1-Trichloroethane)",Methyl Isobutyl Ketone (4-Methyl-2-Pentanone),Methyl Methacrylate,Methylene Chloride (Dichloromethane),Naphthalene,Nickel,Nitrogen Oxides,Nitrous Oxide (N2O),o-Xylene,"Particulate Matter < 10 Microns, Filterable","Particulate Matter < 2.5 Microns, Filterable","Particulate Matter, Condensable",Phenol,Phosphorus,Phthalic Anhydride,Polycyclic Organic Matter,Propionaldehyde,Propylene Oxide,Selenium,Styrene,Sulfur Oxides,Sulfuric Acid,Tetrachloroethylene (Perchloroethylene),Toluene,Trichloroethylene,"Vinylidene Chloride (1,1-Dichloroethylene)",Volatile Organic Compounds,Xylenes (Isomers And Mixture),Grand Total
2016,010300,,,,,,,,0.01,0,,,0.23,,,0,,45.28,,5.04,0,,,,0.23,,,,,,,,,,,0.14,,0.3,,0,,,,,,,,,0,0.17,,,,,0.1,0,,14.52,0,,0.06,0.04,0.06,0,,,,,0.01,,,0.75,,,0.03,,,1.91,0.01,68.89
2016,020100,,,,,,,,,,,,0.14,,,,,36318.86,,25.37,,,,,,,,,,,,,,,,,,0.55,,,,,,0.0001,,,,,0.69,,,,,,,,,62.73,0.07,,0.07,0.03,0.1,,,,,,,,,0.18,,,,,,1.65,,36410.4401
2016,040200,,,,,,,,,,,,1.87,,,0,0,73595.12,,4.8,,,,,,0,,,,,,,,,,0.06,,1.12,,,,,,0.0002,,,,,1.41,0.06,,,,,,0.02,0,11.51,0.41,0,0.27,0.2,0.2,,,,,,,,,0.58,,,0.08,,,8.13,0.01,73625.8502
2016,040900,,,,,,,,,,,,0.04,,,0,,10433.08,,7.53,,,,,,0,,,,,,,,,,-0.01,,0.16,,,,,,,,,,,0.2,,,,,,,,0,9.69,0.03,,0.05,0.03,0.03,,,,,,,,,0.12,,,0,,,1.05,0,10452
2016,060300,,,,,,,,,,,,0.02,,,,,,,0.44,,,,,1.8,,,,,,,,,,,,,0.61,,,,,,,,,,,,,,,,,0.6,,,0.53,,,0,0,0,,,,,,,,,0,,,0.6,,,4.13,,8.73
2016,070900,,,,,,,,,,,,0.04,,,0,0,14580.11,,11.07,,,,,,0,,,,,,,,,,-0.01,,0.22,,,,,,,,,,,0.29,0,,,,,,,0,7.96,0.02,,0.02,0.02,0.02,,,,,,,,,0.08,,,0,,,0.69,,14600.53
2016,090100,,,,,,,,,,,,0.03,,,0.41,,10732.94,,29.06,,,,,,0,,0.35,,,,,,,,0,,0.1,,,,,,0.0009,,,0.01,,0.13,,,,,,,0.23,0,18.92,0.01,,5.43,1.88,2.15,0.37,,,,,,,,2.51,,,0.19,,,4.64,0.07,10799.4309
2016,090200,,,,,,,,,,,,0.38,,,,,13601.54,,9.24,,,,,,,,,,,,,,0.02,,0.01,,0.2,,,,,,,,,,,0.26,,,,,,,,0,11.44,0.04,,0.2,0.2,0.64,,,,,,,,,0.75,,,0,,,0.91,,13625.83
2016,101100,,,,,,,0.15,,,,,,,,0.03,,,,0.08,,,,,,,,,,,,,,,,0,,0.27,,,,,,,,,,,,,,,,,,0,,0.1,,,,,,,,,,,,,,,,,0.14,,,23.5,0.07,24.34
2016,120800,,,,,,,,0,,,,0,,,0,,52.17,,0.14,,,,,,,,,,,,,,,,0,,0,,,,,,,,,,,0,,,,,,,,,0.59,0,,0.04,0.04,0.04,,,,,,,,,0.36,,,,3.98,,8.55,2.13,68.04
2016,140500,,,0.1,,,,,,,,,0,,,,,,,0.31,,,,,,,,,,,,,,,,,0.1,0.01,,,,,,,,,,,0.01,,,,,,,0.05,,0.37,,,0.01,0.01,0.02,,,,,,,,,0,,,,,,8.82,0.63,10.44
2016,191700,,,,,,,,,,,,0.02,,,0.07,,901.48,,0.63,,,,,,,,,,,,,,,,0.04,,0.03,,,,,,0.047,,,,,0.02,,0.06,,0.14,,,,,0.75,0,,23.25,12.75,0,0,,,,,,,,0,,,0.76,,,7.72,2.21,949.977
2016,240600,,,,,0,,,,,,,1.39,,,0,0,52178.76,,1.09,,,,,,0,,,,,,,,,,0.04,,0.78,,,,,,0.0002,,,0,,1,,,,,,,0,0,33.47,0.1,,0.1,0.07,0.13,,,,,,,,,0.26,,,0,,,2.71,,52219.9002
2016,401200,,,,,,,,,,,,2.68,,,0,0,119674,,340.1,,,,,,0.68,,,,,,,,,,0,,0.53,,,0.59,,,0.0853,,,0.55,,1.92,,,,,,,,0.4,166.7,0.17,,56.29,53.09,48.18,,,,,,,,,31.38,0,,0,,,45.88,,120423.2253
2016,407001,,,,,,,,,,,,0,,,,,0,,0.08,,,,,,,,,,,,,,,,,,0,,,,,,,,,,,0,,,,,1.42,,0.01,,0.09,0,,0,0,,,,,,,,,2.86,0,,,0.3,,,5.47,0.07,10.3
2016,413500,,,,,,,,,,,,0.03,,,0,0,9734.67,,7.06,,,,,,0,,,,,,,,,,0,,0.14,,,,,,,,,,,0.18,,,,,,,,0,4.6,0.02,,1.35,1.35,0.02,,,,,,,,,0.05,,,0,,,0.45,,9749.92
2016,415001,,,,,,,0.2,,,,,,,,0.13,,1369.64,,0.96,,,,,,,,,,,,,,,,0,,0.89,,,,,,,,,,,0.02,,,,,,,,,1.14,0.02,,0.08,0.08,0.06,,,,,,,,0.01,0.01,,,0.19,,,20.65,0.05,1394.13
2016,417200,,,,,,,,0.85,0.12,,,163.76,0.01,0.16,0.7,0.02,4021791.1,0.05,269.08,,,0.01,,0.02,0,0.04,,1,,0.02,,0.02,,,0.79,6.48,0.37,0.03,4.88,2.05,,2.87,0.3193,0,,0.2,0.0089,289.37,,0.21,0.01,0.6,0.06,0.12,4.9,0.11,4389.99,40.68,,149.74,85.92,125.13,0.01,,,,0.15,0.45,0.52,0.01,2099.99,65.35,,3.32,,,97.3,5.74,4029604.638
2016,419000,,,,,,,,,,,,0.46,,,0.07,,20076.65,,26.57,,,,,,0,,,,,,,,,,0,,0.17,,0.71,0.22,,,0.0033,,,0.01,,8.25,,,,,,,0,0,17.91,0.06,0,5.34,1.92,2.41,,,,,,,0.01,,24.17,,,0,,,1.49,0,20166.4233
2016,448000,,,,,,,,,,,,0.58,,0,0,0,22768.08,,17.43,,,,,,0.01,,,,,,,,,,0.01,,0.32,,,,,,0.0427,,,0,,0.82,,,,,,,,0,19.86,0.09,,27.89,26.64,1.09,,,,,,,,,0.36,,,0,,,8.86,,22872.0827
2016,451102,,,,,,,0.31,,,,,0.03,,,0.32,,1074.13,,0.9,,,,,,,,0,,,,,,,,,,1.05,,,,,,,0.26,,,,0.02,,,,,,,0.01,,1.16,0.02,,0.04,0.03,0.07,0,,,0,,,,0,0.18,,,0.61,,,41.58,0.04,1120.76
2016,451300,,,,,,,,,,0,,0.08,,,,,2737.8,,1.84,,,,,,,,,,0,,,,,,0,,0.02,,,,,,,,,,,0.07,0,,0,0,,0,,,2.14,0,,0.02,0.02,,0,,,,,,,0,0,,,0.66,,,16.92,0.2,2759.77
2016,452000,,0.21,,,,,,,,,0.38,0.01,,,0.17,,9766.77,,15.22,,,,0.52,,,,,,,,,0,,0.27,,0.11,0.65,,1.52,,,,0.1419,,,,,0.18,2.54,,,0.21,,1.39,0.13,,35.01,0.01,,56.86,33.48,0.58,,,,,,,,,12.23,,0.71,4.29,0.42,,49.8,1.62,9985.4319
2016,458000,,,,,,,,0.28,,,,1.19,0,,0.34,0,45881.75,,93.9,,,,,,0.15,,,,,,0.15,,,,0.66,,0.69,,,,,,0.0207,,,0.27,,0.85,,,,,,,,0.09,68.42,0.06,,22.88,14.19,6.73,,,,,0.02,,,,8.35,,,0.21,,,29.21,0.05,46130.4607
2016,461000,,0,0.23,0,,0,0.15,0,0,,0,5.31,0,,2.89,0,54710.67,0,65.18,,,0,,,0,0,0.03,,,,0.03,,,,0.27,,1.63,,1.55,1.75,0.01,,0.0009,0.11,0.52,0,0.0004,327.76,1.12,0.02,,0,0.79,,0.76,0,75.84,0.43,,16.04,9.75,4.68,0.51,0,0.85,,,,,5.46,33.75,,,1.5,,,180.91,1.85,55452.3513
2016,462100,,,,,,,,,,,,0.6,,,,,22438.55,,1.74,,,,,,,,,,,,,,,,,,0.34,,,,,,0.0001,,,,,0.43,,,,,,,,,17.51,0.05,,2.13,1.91,0.07,,,,,,,,,0.11,,,,,,1.02,,22464.4601
2016,488600,,,0.06,,,,,,,,,4.71,,,0.06,,347310.15,0.13,189.52,,0.26,,,,,,,,,,,,,,,0.1,2.33,,17.69,,,,0.0006,,,,,4.92,0,,,,,,,,432.27,0.52,,29.05,24.58,19.59,,,,,,,,12.97,201.48,,,0.03,,,47.22,0.02,348297.6606
2016,492700,,0.1,0.01,,,0.26,,,0.14,,,109.67,0.16,,12.68,0,717459.48,12.78,2416.48,,1.02,,,,1.6,0.08,1.19,,,,,,,,0,0.57,2.86,,77.48,,92.54,,0.0218,0.12,,0,0.0008,13.15,30.82,2.27,,,0.31,,6.02,0.19,1936.54,2.45,0.08,552.86,356.42,293.14,15.27,,,0.21,,,,0.26,889.76,,,3.11,,,158.02,0.16,724450.2826
2016,495000,,,,,,,,,,,,,,,,,25251.67,,14.52,,,,,,,,,,,,,,,,,,0.08,,0.16,,,,,,,,,330.16,,,,,,0.16,,,5.81,0.11,,2.12,2.12,1.02,,,,,,,,,1.85,,,0.49,,,2.75,0.17,25613.19
2016,496101,,,,,,,,,,,,0,,,,,,,0.09,,,,,,,,,,,,,,,,,,0,,,,,,,,,,,,,,,,,,,,0.1,,,0,0,0,,,,,,,,,0,,,,,,13.71,,13.9
2016,499400,,,,,,,,,,,,0.01,,,,,324.1,,0.24,,,,,,,,,,,,,,,,,,0,,0,0.01,,,,,,,,0.01,,,,,,,,,13,0,,0,0,0,,,,,,,,,0,,2.23,0.31,,,0.83,,340.74
2016,504100,,,,,,,,,,,,0.02,,,0,,,0,2.4,,0.01,,,,,,,,,,,,,,,,,,0.44,,,,,,,,,,8.8,,,,,,,,8.93,,,35.34,10.31,0.32,,,,,,,,,5.9,,,,,,10.56,,83.03
2016,512800,,,0.02,,,,,,,,,18.98,,,0.06,,3412908.01,0.1,1328.04,,0.17,,,,0.04,,,,,,,,,,,0.04,1.43,,12.7,,,,0.1688,,,1.39,0.0002,3.84,4.62,,,,,,,0,429.41,1.91,,159.43,72.29,80.72,1.47,0.59,,,,,,,1480.38,,,0.05,,,24.45,0.01,3416530.319
2016,521302,,,,,,,,,,,0.15,,,,,,43234.64,,0.11,,,,0.21,,,,,,,,,,,0.1,,,0.26,,1.06,,,,,,,,,1296.12,,,,,,0.55,,,1.54,0.12,,7.89,7.89,1.09,,,,,,,,,2.18,,0.28,1.63,0.17,,9.17,0.58,44565.74
2016,521500,,,,,,,,,,,,0.01,,,,,3682.79,,2.61,,,,,,,,,,,,,,,,0,,0.05,,,,,,,,,,0.0001,0.08,,,,,,1.07,,,3.2,0,,0.22,0.22,0.11,,,,,,,,,0.01,,,5.21,0.1,,10.61,,3706.2901
2016,524000,,,,,,,,,,,,,,,,,,,0.77,,,,,,0.02,,,,,,,,,,,1.14,,,,,,,,,,,,,,,,0.47,,,,,5.45,,,19.39,19.33,0.1,,,,,,,,,0.01,,,3.62,,,11.34,2.83,64.47
2016,526302,,,,,,,,,,,,0.06,,,,,2084.61,,0.99,,,,,,,,,,,,,,,,0.09,,0.26,,,,,,,,,,,235.78,,,,,,,,,2.31,0,,0.11,0.11,0.09,,,,,,,,,0,,,,,,11.44,,2335.85
2016,562700,,,,,,,,,,,,0.16,,,0,0,38641,,27.07,,,,,,0,,,,,,,,,,0.03,,0.58,,,,,,0.0002,,,0,0.0001,0.74,,,,,,,0,0,42.54,0.07,,0.16,0.13,0.1,,,,,,,,,0.19,,,0,,,1.77,,38714.5403
2016,562900,,,,,0,,,,,,,0.54,,,0,0,22433,,6.1,,,,,,0,,,,,,,,,,0.01,,0.3,,,,,,0.0001,,,,,0.43,,,,,,,,0,25.3,0.04,,2.07,2.05,0.05,,,,,,,,,0.12,,,0,,,2.16,,22472.1701
2016,564500,,,,,,,,,,,,0.98,,,0.01,0,27816,,13.12,,0,,,,0,,,,,,,,,,0.01,,0.42,,0,,,,,,,0,0.0001,0.53,,,,,,,0,0,34.84,0.05,,9.83,8.52,1.33,,,,,,,,3.68,0.15,,,21.07,,,123.18,0.77,28034.4901
2016,980800,,,,,,,,,,,,0.53,0,,0.13,0,29200.35,,44.38,,,,,,0,,,,,,0.03,,,,0.24,,0.61,,,,,,0.0006,,,,,4.44,,,,,,,,0,27.26,0.03,,4.79,2.4,2.1,,,,,,,,,1.27,,,0.02,,,9.12,0.03,29297.7306
2016,980900,0.05,,,,0.35,0.01,,0,0,,,2.05,,,0.03,,35034.53,0.27,21.31,0.33,,0.01,,0.45,0,,,,,,0.01,0.01,,,0.18,,0,0,0.09,,11.18,,0.0003,0,,0,0.0082,0.66,,0,0.08,,,0.08,0.22,0,15.32,0.07,,5.64,4.65,2.21,,,,0,,0,,0.01,0.66,,0.35,0.65,0.04,0,13.47,0.94,35115.9185
2016,982200,,,,,,,,,,,,0.25,,0,0,0,62199.8,,8.66,,,,,,0,,,,,,,,,,0.05,,0.93,,,,,,0.0003,,,0,0.0001,1.17,,,,,,,0,0,61.37,0.12,,0.98,0.98,2.95,,,,,,,,,0.31,,,0,,,2.85,,62280.4204
2017,010300,,,0.01,,,0,,0.01,0,,,0.25,,,0,,68.49,,3.38,,,,,0.73,,,,,,,,,,,0.16,,0.21,,0.04,,,,0.0001,,,,,0.13,0.22,,,,,0.56,,,16.35,0,,0.11,0.08,0.1,,,,,,,,,0.85,,,0.04,,,3.32,0.01,95.0501
2017,020100,,,,,,,,,,,,0.15,,,,,35338.86,,24.86,,,,,,,,,,,,,,,,,,0.54,,,,,,0.0001,,,,,0.66,,,,,,,,,59.19,0.07,,0.06,0.04,0.09,,,,,,,,,0.18,,,,,,1.63,,35426.3301
2017,040200,,,,,,,,,,,,1.82,,,0,0,72258.43,,4.79,,,,,,0,,,,,,,,,,0.05,,1.15,,0.38,0,,,0.0011,,,,0.0012,1.44,0.02,,,,,,0,0,11.46,0.4,0,0.28,0.21,0.18,,,,,,,,,0.59,,,0.06,,,6.76,0.01,72288.0323
2017,040900,,,,,,,,,,,,0.04,,,0,,9823.54,,7.07,,,,,,,,,,,,,,,,-0.01,,0.15,,,,,,,,,,,0.18,,,,,,,,0,9,0.18,,0.04,0.02,0.03,,,,,,,,,0.05,,,0,,,1.01,0,9841.3
2017,060300,,,,,,,,,,,,0.02,,,,,615,,0.43,,,,,,,,,,,,,,,,,,0.01,,,,,,,,,,,,7.3,,,,,2.1,,,0.51,,,0,0,0,,,,,,,,,0,,,1.1,,,9.72,0.1,636.29
2017,070900,,,,,,,,,,,,0.04,,,0,0,13167.52,,9.97,,,,,,0,,,,,,,,,,0,,0.22,,,,,,,,,,,0.29,0,,,,,,,0,7.08,0.25,,0.04,0.03,0.02,,,,,,,,,0.08,,,0,,,0.64,,13186.18
2017,090100,,,,,,,,,,,,0.05,,,0.43,,12232.07,,36.35,,,,,,0,,0.37,,,,,,,,0,,0.85,,,,,,0.0009,,,0,,0.16,,,,,,,0.22,0,17.9,0.02,,5.43,1.77,2.91,0.41,,,,,,,,2.29,,,0.19,,,5.76,0.07,12307.2509
2017,090200,,,,,,,,,,,,0.08,,,0,,16712.49,,11.68,,,,,,,,,,,,,,0.44,,0,,0.24,,,,,,,,,,,0.32,,,,,,,,0,13.92,0.04,,0.04,0,0.04,,,,,,,,,0.08,,,0,,,1.2,,16740.57
2017,101100,,,,,,,0.21,,,,,,,,0.04,,,,0,,,,,,,,,,,,,,,,,,0.27,,,,,,,,,,,,,,,,,,0,,0,,,,,,,,,,,,,,,,,0.13,,,20.98,0.07,21.7
2017,120800,,,,,,,,,,,,0,,,,,31.27,,0.05,,,,,,,,,,,,,,,,,,0,,,,,,,,,,,0,,,,,,,,,0.15,0,,0.01,0.01,0,,,,,,,,,0.01,,,,3.96,,8.41,2.13,46
2017,140500,,,0.07,,,,,,,,,0,,,,,,,0.32,,,,,,,,,,,,,,,,,0.07,0.01,,,,,,,,,,,0.01,,,,,,,0.07,,0.39,,,0.01,0.01,0.02,,,,,,,,,0,,,,,,7.01,0.71,8.7
2017,191700,,,,,,,,,,,,0.03,,,0.1,,890.17,,0.96,,,,,,,,,,,,,,,,0.05,,0.02,,,,,,0.103,,,,,0.02,,0.03,,0.25,,,,,0.74,0,,23.13,12.69,0,0,,,,,,,,0.13,,,0.84,,,6.88,0.65,936.793
2017,240600,,,,,0,,,,,,,1.55,,,0,0,58354.56,,2.33,,,,,,0,,,,,,,,,,0.04,,0.88,,,,,,0.0002,,,0,,1.12,,,,,,,0,0,37.34,1.07,,0.12,0.07,0.16,,,,,,,,,0.29,,,0,,,4.01,0,58403.5402
2017,401200,,,,,,,,,,,,2.85,,,0,0,129295,,753.79,,,,,,0.73,,,,,,,,,,0,,0.53,,,0.63,,,0.0966,,,0.77,,2.06,,,,,,,,0.47,157.09,0.18,,55.89,52.29,22.39,,,,,,,,,22.08,0,,0,,,14.29,,130381.1366
2017,407001,,,,,,,,,,,,0,,,,,0,,0.08,,,,,,,,,,,,,,,,,,0,,,,,,,,,,,0,,,,,1.51,,0,,0.09,0,,0,0,,,,,,,,,2.99,0,,,0.1,,,5.4,0.08,10.25
2017,413500,,,,,,,,,,,,0.04,,,0,0,9639.91,,6.92,,,,,,0,,,,,,,,,,,,0.14,,,,,,,,,,,0.17,,,,,,,,0,4.31,0.17,,3.53,3.53,0.02,,,,,,,,,0.05,,,0,,,0.46,,9659.25
2017,415001,,,,,,,0.11,,,,,,,,0.09,,10.87,,0.01,,,,,,,,,,,,,,,,,,0.24,,,,,,,,,,,0,,,,,,,,,0.01,0,,0,0,0,,,,,,,,,0,,,0.2,,,18.64,0.07,30.24
2017,417200,,,,,,,,0.72,0.08,,,138.98,0,0.03,0.52,0,3182963.41,0.04,215.11,,,0.01,,0.02,0,0,,0.69,,0.01,,0.01,,,1.01,8.3,0.31,0,2.31,1.42,,3.03,0.0226,0,,0.03,0.0048,210.11,,0.15,0.01,0.74,0.01,0.08,0.46,0.04,1220.41,29.16,,129.92,74.88,89.21,0,,,0,0.11,0.4,0.07,0.01,2003.46,45.95,,4.03,,,111.66,7.42,3187264.357
2017,419000,,,,,,,,,,,,0.41,,,0.05,,17227.39,,31.32,,,,,,0,,,,,,,,,,0,,0.14,,0.02,0.04,,,0.0028,,,0.01,,7.1,,,,,,,0,0,17.62,0.05,0,5.61,1.82,2.08,,,,,,,0,,19.87,,,0,,,1.36,0,17314.8928
2017,448000,,,,,,,,,,,,0.63,,0,0,0,25109.4,,19.6,,,,,,0.01,,,,,,,,,,0.01,,0.35,,,,,,0.0458,,,0,,1,,,,,,,0,0,22.14,0.11,,26.55,26.28,1.2,,,,,,,,,0.4,,,0,,,14.97,,25222.6958
2017,451102,,,,,,,0.42,,,,,0,,,0.41,,182.55,,0.24,,,,,,,,,,,,,,,,,,0.85,,,,,,,0.34,,,,0,,,,,,,,,0.38,0,,0.03,0.02,0,,,,0,,,,,0.19,,,0.83,,,59.15,0.07,245.48
2017,451300,,,0,,,,,,,,,0.08,,,,,3007.58,,1.96,,,,,,,,,,0,,,,,,0,,0.02,,,,,,,,,,,0.07,0,0,0.04,0.04,,0,,,2.33,0,,0.06,0.06,,0,,,,,,,0,0,,,0.1,,,13.4,0.09,3025.83
2017,452000,,,0.42,,,,,,,,,0.01,,,,,71679.95,,14.19,,,,0.54,,,,,,,,,0,,,,0.15,0.73,,1.58,,,,0.1274,,,,,19721.68,2.65,,,0.32,,1.46,0.14,,32.38,0.71,,67.17,47.52,1.27,,,,,,,,0.08,12.49,,0.73,4.32,0.06,,48.61,1.6,91640.8874
2017,456001,,,,,,,,,,,,,,,,,3903.43,,2.73,,,,,,,,,,,,,,,,,,,,,,,,,,,,,,,,,,,,,,3.25,,,0.24,0.24,0.19,,,,,,,,,0.03,,,,,,21.05,,3931.16
2017,458000,,,,,,,,0.27,,,,1.25,0,,0.33,0,49441.9,,220.73,,,,,,0.12,,,,,,0.15,,,,0.65,,0.69,,,,,,0.0053,,,0.16,,0.86,,,,,,,,0.07,57.32,0.08,,23.18,12.66,6.27,,,,,0.02,,,,7.77,,,0.21,,,18.62,0.04,49793.3553
2017,459201,,,,,,,,,,,,,,,,,41.96,,0.36,,,,,,,,,,,,,,,,,,,,,,,,,,,,,,,,,,,,,,0.93,,,0.01,0.01,,,,,,,,,,,,,,,,0.02,,43.29
2017,461000,,,0.24,0.01,,,0.3,0,0,,,7.78,,,0.72,0,48370.31,0,54.72,,,0,,,0,,,,,,0.03,,,,0.3,,1.43,,1.68,1.91,,,0.0004,0.13,0.53,,0.0001,5.06,0,,,,0.59,,0.28,0,69.65,0.62,,11.68,7.35,4.29,0,,0.92,,,,,5.89,6.55,,,1.32,,,172.12,1.69,48728.1005
2017,462100,,,,,,,,,,,,0.61,,,,,22891.53,,1.71,,,,,,,,,,,,,,,,,,0.35,,,,,,0.0001,,,,,0.43,,,,,,,,,18.88,0.04,,2.93,2.71,0.07,,,,,,,,,0.12,,,,,,1.05,,22920.4301
2017,464400,,,,,,,,,,,,0.16,,,,,,,1.06,,,,,,,,,,,,,,,,,,,,,,,,,,,,,,,,,,,,,,11.56,,,1.29,0.48,0.32,,,,,,,,,9.89,,,,,,0.65,,25.41
2017,488600,,,0.05,,,,,,,,,2.93,,,0.08,,342091.12,0.16,285.58,,0.32,,,,,,,,,,,,,,,0.09,1.17,,24.2,,,,0.0003,,,,,4.18,0,,,,,,,,452,0.64,,30.64,25.36,18.35,,,,,,,,12.97,160.78,,,0.03,,,64.2,0.01,343174.8603
2017,492700,,0.13,0.06,,,0.3,,,0.15,,,118.9,0.03,,13.37,,690729.06,15.03,2880.96,,1.25,,,,0.33,0,1.38,,,,,,,,0,0.72,0.78,,92.1,,109.14,,0.022,0,,,0.0004,12.56,32.76,2.59,,,0.34,,4.23,0.05,2600.55,2.52,0,582.21,379.14,295.5,17.27,,,0.26,,,,0.12,1129.8,,,3.18,,,183.75,0.19,699210.7324
2017,495000,,,,,,,,,,,,,,,,,22820.39,,12.05,,,,,,,,,,,,,,,,,,0.07,,0.15,,,,,,,,,349.87,,,,,,0.16,,,4.91,0.09,,1.9,1.9,0.84,,,,,,,,,1.34,,,0.48,,,2.77,0.17,23197.09
2017,496101,,,,,,,,,,,,0.52,,,,,,,0.09,,,,,,,,,,,,,,,,,,1.91,,,,,,,,,,,,,,,,,,,,0.07,,,2.02,2.02,0,,,,,,,,,0.64,,,,,,26.32,,33.59
2017,499400,,,,,,,,,,,,0.01,,,,,319.2,,0.26,,,,,,,,,,,,,,,,0,,0,,0,0.02,,,,,,,,0.01,,,,,,,,,25.75,0,,0.01,0,0,,,,,,,,,0,,1.64,0.2,,,0.7,,347.8
2017,504100,,,,,,,,,,,,0.01,,,0,,,0,1.61,,0.01,,,,,,,,,,,,,,,,,,0.4,,,,,,,,,,15.3,,,,,,,,6.99,,,20.05,7.11,0.07,,,,,,,,,2.58,,,,,,15.4,,69.53
2017,512800,,,0.06,,,,,,,,,19.71,,,0.08,,3534823.82,0.09,1318.54,,0.21,,,,0.02,,,,,,,,,,,0.1,0.86,,13.64,,,,0.2004,,,1.28,0.0002,3.27,13.47,,,,,,,0.01,500.98,1.83,,132.45,62.69,78.05,1.74,0.53,,,,,,,1260.42,,,0.02,,,32.73,0.02,3538266.821
2017,521302,,,,,,,,,,,0.16,,,,,,45917.62,,0.11,,,,0.21,,,,,,,,,,,0.1,,,0.26,,1.15,,,,,,,,,1242.27,,,,,,0.56,,,1.53,0.12,,8.4,8.4,1.08,,,,,,,,,2.35,,0.28,1.66,0.17,,9.3,0.59,47196.32
2017,521500,,,,,,,,,,,,0.01,,,,,3555.71,,3.04,,,,,,,,,,,,,,,,0,,0.05,,,,,,,,,,,0.07,,,,,,1.29,,,3.04,0,,0.47,0.47,0,,,,,,,,,0.01,,,3.22,0.08,,8.35,,3575.81
2017,524000,,,,,,,,,,,,,,,,,,,1.77,,,,,,0.09,,,,,,,,,,,0.01,,,,,,,,,,,,,,,,0.02,,,,,6.63,0.92,,1.3,0.99,,,,,,,,,,0.02,,,1.74,,,6.35,1.88,21.72
2017,526302,,,,,,,,,,,,0.06,,,,,2329.32,,1.13,,,,,,,,,,,,,,,,0.05,,0.41,,,,,,,,,,,244.84,,,,,,,,,2.46,0,,0.07,0.07,0.11,,,,,,,,,0.01,,,,,,3.11,,2581.64
2017,562700,,,,,,,,,,,,0.14,,0,0,0,33580,,23.54,,,,,,0,,,,,,,,,,0.02,,0.51,,,,,,0.0001,,,0,0.0001,0.64,,,,,,,0,0,33.23,0.06,,0.13,0.11,0.09,,,,,,,,,0.17,,,0,,,1.55,,33640.1902
2017,562900,,,,,0,,,,,,,0.63,,,0,0,23688,,6.46,,,,,,0,,,,,,,,,,0.01,,0.35,,,,,,0.0001,,,,,0.45,,,,,,,,0,26.59,0.04,,2.17,2.15,0.05,,,,,,,,,0.12,,,0,,,1.9,,23728.9201
2017,564500,,,,,,,,,,,,1.25,,,0,0,30516.3,,13.59,,0,,,,0,,,,,,,,,,0.01,,0.45,,0,,,,,,,,,0.57,,,,,,,0.06,0,38.4,0.04,,10.16,8.78,1.45,,,,,,,,7.6,0.16,,,18.78,,,129.37,0.65,30747.62
2017,980800,,,,,,,,,,,,0.45,0,,0.14,0,29070.76,,45.72,,,,,,0,,,,,,0.03,,,,1.13,,0.53,,,,,,0.0006,,,,,4.71,,,,,,,0.06,0,24.7,0.03,,5.13,2.54,1.39,,,,,,,,,1.33,,,0.02,,,11.95,0.04,29170.6606
2017,980900,0.06,,,,0.42,,,0.02,0,,,2.45,,,0.03,,41882.27,0.28,24.64,,,0.01,,0.47,,,,,,,0.01,0.01,,,0.19,,0,0,0,,11.47,,0.001,0,,0,0.003,0.78,,0,0.08,,,0.35,0.23,0,15.78,0.08,,6.6,5.65,1.98,,,,0,,0,,0.01,0.31,,0.35,0.69,0.04,,13.92,0.96,41970.144
2017,982200,,,,,,,,,,,,1.67,,0,0,0,62850.17,,6.65,,,,,,0,,,,,,,,,,0.05,,0.94,,,,,,0.0003,,,0,0.0001,1.19,,,,,,,0,0,57.8,0.12,,1,1,2.97,,,,,,,,,0.31,,,0,,,2.87,,62926.7404
2018,010300,,,0,,,0,,,,,,0.61,,,0,,7803.04,,5.05,,,,,0.02,,,,,,,,,,,0.17,,0.74,,0.01,,,,,,,,,0.04,0.16,,,,,0.14,,,16.75,0.14,,0.29,0.26,0.45,,,,,,,,,0.92,,,0.03,,,2.23,0.02,7831.07
2018,020100,,,,,,,,,,,,0.16,,,,,40703.04,,28.64,,,,,,,,,,,,,,,,,,0.62,,,,,,0.0002,,,,,0.78,,,,,,,,,68.88,0.06,,0.06,0.04,0.12,,,,,,,,,0.21,,,,,,1.87,,40804.4802
2018,040200,,,,,,,,,,,,1.7,,,0,0,68987.99,,5.71,,,,,,0,,,,,,,,,,0.06,,1.05,,0.44,0,,,0.001,,,,0.0014,1.36,0.01,,,,,,0,0,11.52,0.36,,0.25,0.19,0.17,,,,,,,,,0.55,,,0.01,,,6.17,0.01,69017.5524
2018,040900,,,,,,,,,,,,0.04,,,0,,10373.68,,7.43,,,,,,,,,,,,,,,,0,,0.15,,,,,,,,,,,0.2,,,,,,,,0,9.38,0.19,,0.04,0.02,0.03,,,,,,,,,0.05,,,0,,,1.05,,10392.26
2018,060300,,,,,,,,,,,,0.02,,,,,813,,0.57,,,,,,,,,,,,,,,,,,0.01,,,,,,,,,,,,,,,,,,,,0.68,,,0,0,0,,,,,,,,,0,,,,,,1.98,,816.26
2018,070900,,,,,,,,,,,,0.05,,,0,0,14272.53,,10.51,,,,,,0,,,,,,,,,,-0.01,,0.21,,,,,,,,,,,0.3,0,,,,,,,0,7.4,0.26,,0.03,0.03,0.03,,,,,,,,,0.09,,,0,,,0.67,,14292.1
2018,090100,,,,,,,,,,,,0.05,,,0.43,,11768.47,,36.89,,,,,,0,,0.37,,,,,,,,0,,0.85,,,,,,0.0005,,,0,,0.15,,,,,,,0.22,0,19.35,0.01,,5.57,1.79,2.92,0.41,,,,,,,,2.31,,,0.19,,,5.97,0.07,11846.0205
2018,090200,,,,,,,,,,,,0.07,,,0,,17653.83,,12.4,,,,,,0,,,,,,,,0.03,,-0.01,,0.27,,,,,,,,,,,0.34,,,,,,,,0,14.95,0.33,,0.04,0,0.04,,,,,,,,,0.1,,,0,,,0.85,,17683.24
2018,101100,,,,,,,0.12,,,,,,,,0.04,,,,0.09,,,,,,,,,,,,,,,,,,0.37,,,,,,,,,,,,,,,,,,,,0.11,,,,,0.01,,,,,,,,,0,,,0.14,,,23.4,0.1,24.38
2018,120800,,,,,,,,,,,,0,,,,,35.8,,0.09,,,,,,,,,,,,,,,,0,,0,,,,,,,,,,,0,,,,,,,,,0.4,0,,0.03,0.03,0,,,,,,,,,0.03,,,,3.54,,7.09,1.91,48.92
2018,140500,,,0.7,,,,,,,,,0,,,,,,,0.33,,,,,,,,,,,,,,,,,0.08,0.01,,,,,,,,,,,0.01,,,,,,,0.04,,0.39,,,0.01,0.01,0.02,,,,,,,,,0,,,,,,8.07,0.48,10.15
2018,191700,,,,,,,,,,,,0.04,,,0.11,,1074.09,,1.03,,,,,,,,,,,,,,,,0.06,,0.03,,,,,,0.095,,,,,0.02,,0.03,,0.28,,,,,0.89,0,,22.87,15.55,0,0,,,,,,,,0.14,,,1.41,,,7.22,0.91,1124.775
2018,240600,,,,,,,,,,,,1.37,,,,,51541.27,,1.59,,,,,,,,,,,,,,,,0.04,,0.77,,,,,,,,,,,0.99,,,,,,,,,35.02,0.95,,0.1,0.06,0.14,,,,,,,,,0.26,,,,,,3.45,0,51586.01
2018,401200,,,,,,,,,,,,3.04,,,0,0,137984,,744.41,,,,,,0.68,,,,,,,,,,0,,0.57,,,0.7,,,0.1611,,,0.73,,2.18,,,,,,,,0.48,195.1,0.18,,53.48,49.68,23.59,,,,,,,,,33.58,0,,0,,,38.09,,139130.6511
2018,413500,,,,,,,,,,,,0.03,,,0,,8802.8,,6.29,,,,,,0,,,,,,,,,,,,0.13,,,,,,,,,,,0.17,,,,,,,,0,4.32,0.16,,2.85,2.84,0.02,,,,,,,,,0.05,,,0,,,0.4,,8820.06
2018,415001,,,,,,,0.09,,,,,,,,0.06,,25.02,,0.02,,,,,,,,,,,,,,,,,,0.2,,,,,,,,,,,0,,,,,,,,,0.02,0,,0,0,0,,,,,,,,,0,,,0.15,,,15.34,0.06,40.96
2018,417200,,,,,,,,0.71,0.08,,,46.87,0,0.02,0.35,0,3056003.71,0.04,221.04,,,0.01,,0.02,0,0,,0.68,,0.01,,0.01,,,1.11,12.81,0.42,0,2.4,1.36,,5.09,0.0261,0,,0.02,0.0046,196.67,,0.14,0.01,1.33,0.12,0.08,0.64,0.03,1248.14,27.48,,113.51,74.22,111.97,0,,,,0.1,,0.07,0.01,3389.33,44.2,,4.88,,,85.08,11.91,3061606.711
2018,419000,,,,,,,,,,,,0.46,,,0.06,,19288.02,,34.64,,,,,,0,,,,,,,,,,0,,0.17,,0.4,0.17,,,0.003,,,0.01,,7.67,,,,,,,0,0,17.04,0.05,0,5.99,1.91,2.25,,,,,,,0,,18.33,,,0,,,1.44,0,19378.613
2018,448000,,,,,,,,,,,,0.66,,0,0.2,0,26575.06,,22.06,,,,,,0.01,,,,,,,,,,0.01,,0.37,,,,,,0.05,,,0.01,,0.69,,,,,,,0.17,0,21.4,0.57,0.33,24.43,19.7,1.31,,,,,,,,,0.47,,,0,,,18.89,,26686.39
2018,451102,,,,,,,0.42,,,,,0,,,0.4,,1352.33,,3.45,,,,,,,,,,,,,,,,,,0.9,,,,,,,0.35,,,,0.06,,,,,,,0,,2.62,0.01,,0.1,0.09,0.05,,,,0,,,,,0.17,,,0.91,,,64.48,0.09,1426.43
2018,451300,,,0,,,,,,,,,0.08,,,,,3187.72,,2.13,,,,,,,,,,0,,,,,,0,,0.08,,,,,,,,,,,0.09,0,,0,0,,,,,2.53,0,,0.06,0.06,,0,,,,,,,0,0,,,0.11,,,15.78,0.12,3208.76
2018,452000,,0.26,0.04,,,,,,,,0.47,,,,0.21,,109231.95,,8.82,,,,0.65,,,,,,,0.11,,0,,0.33,,0.12,0.8,,3.16,,,,0.1611,,,,,9230.95,2.68,,,0.26,,1.72,0.15,,22.34,0.35,,97.7,76.64,0.54,,,,,,,,,11.16,,0.92,5.26,0.61,,53.83,1.86,118754.0511
2018,453004,,,,,,,,,,,,,,,,,137.14,,1.54,,,,,,,,,,,,,,,,,,,,,,,,,,,,,0.01,,,,,,,,,7.11,0,,0.19,0.19,,,,,,,,,,0,,,,,,0.2,,146.38
2018,456001,,,,,,,,,,,,,,,,,2919.36,,2.05,,,,,,,,,,,,,,,,,,,,,,,,,,,,,,,,,,,,,,2.43,,,0.18,0.18,0.15,,,,,,,,,0.02,,,,,,39.01,,2963.38
2018,458000,,,,,,,,0.24,,,,1.19,,,0.3,,48642.71,,234.09,,,,,,0.13,,,,,,0.13,,,,0.58,,0.66,,,,,,0.0026,,,0.17,,0.84,,,,,,,,0.08,58.22,0.07,,28.76,14.23,5.6,,,,,0.02,,,,7.48,,,0.19,,,20.19,0.04,49015.9226
2018,461000,,,0.26,0,,,0.25,,,,,16.01,,,0.7,0,49941.01,0,64.53,,,,,,0,,,,,,0.03,,,,1.19,,1.36,,0.18,0.02,,,0.0004,,0.66,,0.0002,5.16,,,,,0.7,,0.25,0,59.66,0.64,,11.91,7.56,2.36,,,0.89,,,,,6.44,3.26,,,1.26,,,128.09,1.71,50256.0906
2018,462100,,,,,,,,,,,,0.68,,,,,25468.86,,1.91,,,,,,,,,,,,,,,,,,0.39,,,,,,0.0001,,,,,0.47,,,,,,,,,20.8,0.04,,3.53,3.31,0.06,,,,,,,,,0.14,,,,,,1.17,,25501.3601
2018,464400,,,,,,,,,,,,0.17,,,,,,,1.04,,,,,,,,,,,,,,,,,,,,,,,,,,,,,,,,,,,,,,11.28,,,1.28,0.48,0.32,,,,,,,,,9.02,,,,,,0.23,,23.82
2018,488600,,,0.04,,,,,,,,,3.65,,,0.08,,401983.17,0.19,439.55,,0.4,,,,,,,,,,,,,,,0.08,1.5,,27.67,,,,0.0004,,,,,4.99,0,,,,,,,,504.42,0.75,,29.26,23.82,19.76,,,,,,,,13.75,611.47,,,0.65,,,87.87,0.01,403753.0804
2018,492700,,0.13,0.04,,,0.34,,,0.17,,,131.9,0.05,,15.21,0,823958.93,16.13,3098.41,,1.45,,,,0.34,0,1.51,,,,,,,,0,0.68,1.48,,104.91,,120.13,,0.025,0,,,0.0005,15.08,33.4,3.37,,,0.38,,4.23,0.05,3121.86,3.01,0,613.42,400.24,293.51,18.69,,,0.28,,,,0.11,1491.75,,,4,,,221.84,0.19,833677.2455
2018,495000,,,,,,,,,,,,,,,,,24397.09,,10.78,,,,,,,,,,,,,,,,,,,,0.16,,,,,,,,,231.88,,,,,,0.16,,,4.5,0.08,,1.89,1.89,0.75,,,,,,,,,1.45,,,0.48,,,2.9,0.17,24654.18
2018,496101,,,,,,,,,,,,0.01,,,,,,,0.15,,,,,,,,,,,,,,,,,,0,,,,,,,,,,,,,,,,,,,,0.18,,,0,0,0.01,,,,,,,,,0,,,,,,14.2,,14.55
2018,499400,,,,,,,,,,,,0.01,,,,,351.19,,0.27,,,,,,,,,,,,,,,,0,,0.01,,0,0.02,,,,,,,,0.01,,,,,,,,,31.89,0,,0,0,0,,,,,,,,,0,,1.44,0.2,,,0.54,,385.58
2018,504100,,,,,,,,,,,,0.01,,,0,,,0,0.65,,0,,,,,,,,,,,,,,,,,,0.16,,,,,,,,,,13.09,,,,,,,,2.84,,,20.59,7.03,1.15,,,,,,,,,3.18,,,,,,13.13,,61.83
2018,512800,,,0.05,,,,,,,,,20.59,,,0.08,,3303791.34,0.11,1144.57,,0.18,,,,0.03,,,,,,,,,,,0.09,1.38,,13.13,,,,0.219,,,1.6,0.0002,3.54,23.3,,,,,,,0.01,433.68,1.75,,143.96,76.36,78.48,1.45,0.61,,,,,,,1421.64,,,0.02,,,43.47,0.01,3307201.649
2018,521302,,,,,,,,,,,0.15,,,,,,43330.72,,0.42,,,,0.21,,,,,,,,,,,0.1,,,0.26,,1.06,,,,,,,,,1185.24,,,,,,0.56,,,3.02,0.11,,9.09,9.09,1.03,,,,,,,,,2.27,,0.29,1.67,0.18,,9.5,0.59,44555.56
2018,521500,,,,,,,,,,,,0.01,,,,,3504.12,,2.45,,,,,,,,,,,,,,,,0,,0.05,,0.04,,,,,,,,,0.07,0.14,,,,,1.16,,,2.98,0,,0.41,0.36,0.46,,,,,,,,,0.03,,,3.38,0.07,,7.92,,3523.65
2018,524000,,,,,,,,,,,,,,,,,,,1.77,,,,,,0.1,,,,,,,,,,,0.07,,,,,,,,,,,,,,,,,,,,,9.05,0.92,,0.74,0.72,,,,,,,,,,0.02,,,2.18,,,8.73,2.37,26.67
2018,526302,,,,,,,,,,,,0.05,,,,,2002.89,,0.97,,,,,,,,,,,,,,,,0.05,,0.87,,,,,,,,,,,222.72,,,,,,,,,2.01,0,,0.03,0.03,0.08,,,,,,,,,0,,,,,,5.53,,2235.23
2018,562700,,,,,,,,,,,,0.17,,0,0,0,40204.01,,28.14,,,,,,0,,,,,,,,,,0.03,,0.6,,,,,,0.0002,,,0,,0.76,,,,,,,0,0,41.79,0.08,,0.17,0.13,0.1,,,,,,,,,0.2,,,0,,,1.84,,40278.0202
2018,562900,,,,,0,,,,,,,0.7,,,0,0,25906,,6.93,,,,,,0,,,,,,,,,,0.01,,0.4,,,,,,0.0001,,,,,0.5,,,,,,,,0,29.21,0.04,,2.17,2.15,0.07,,,,,,,,,0.13,,,0,,,2.2,,25950.5101
2018,564500,,,,,,,,,,,,1.01,,,0,0,32617.86,,14.86,,0,,,,0,,,,,,,,,,0.02,,0.48,,0,,,,,,,,,0.62,,,,,,,0,0,37,0.06,,10.64,9.1,0.92,,,,,,,,3.43,0.17,,,15.07,,,118.58,0.47,32830.29
2018,980600,,,,,,,,,,,,0.06,,,,,2076.98,,0.73,,,,,,,,,,,,,,,,0,,0.03,,,,,,,,,,,0.04,,,,,,,,,1.04,0,,0.14,0.14,0.01,,,,,,,,,0.06,,,0,,,0.1,,2079.33
2018,980800,,,,,,,,,,,,0.46,0,,0.14,0,29516.77,,45.99,,,,,,0,,,,,,0.03,,,,1.13,,0.6,,,,,,0.0006,,,,,4.72,,,,,,,,0,25.2,0.03,,5.25,2.66,1.4,,,,,,,,,1.33,,,0.02,,,12.09,0.04,29617.8606
2018,980900,0.06,,,,0.39,,,0,0,,,1.24,,,0.04,,24937.78,0.28,17.34,,,0.01,,0.5,,,,,,,0.01,0.02,,,0.13,,0,0,0.01,,12.32,,0.0001,0,,0,0.002,0.47,,0,0.09,,,0.37,0.24,0,13.23,0.05,,5.99,5.04,1.18,,,,0,,0,,0.01,0.13,,0.39,0.71,0.06,,15.12,1.01,25014.2221
2018,982200,,,,,,,,,,,,1.92,,,0,0,72098.18,,8.88,,,,,,0,,,,,,,,,,0.05,,1.08,,,,,,0.0003,,,0,0.0002,1.37,,,,,,,0,0,75.53,0.14,,1.14,1.14,3.44,,,,,,,,,0.36,,,0,,,3.31,,72196.5405
2019,010300,,,,,0,,,,,,,0.27,,0,0,0,10509.81,0,1.43,,,,,,0,,,,,,,,,,0.08,,0.69,,0.01,,,,,,,0,0.0004,0.2,0.09,,,,,0.64,0,0,6.3,0.02,,0.39,0.38,0.55,,,,,,,,,0.37,,,0,,,1.41,,10522.6404
2019,020100,,,,,,,,,,,,0.16,,,,,37191.3,,26.21,,,,,,,,,,,,,,,,,,0.55,,,,,,0.0002,,,,,0.7,,,,,,,,,66.21,0.07,,0.06,0.04,0.09,,,,,,,,,0.18,,,,,,1.72,0,37287.2902
2019,040200,,,,,,,,,,,,1.96,,,0,0,78676.63,,6.24,,,,,,0,,,,,,,,0,,0.06,,1.19,,0.13,0,,,0.0019,,,,0.0025,1.55,0.01,,,,,,0.01,0,16.19,0.4,,0.38,0.28,0.21,,,,,,,,,0.61,,,0.03,,,6.89,0.01,78712.7844
2019,040900,,,,,,,,,,,,0.05,,,0,,11177.08,,7.93,,,,,,,,,,,,,,,,-0.01,,0.17,,,,,,,,,,,0.21,,,,,,,,0,9.82,0.2,,0.05,0.02,0.03,,,,,,,,,0.06,,,0,,,1.07,,11196.68
2019,051000,,,,,,,,,,,,0.23,,,,,,,8.85,,,,,,,,,,,,,,0,,,,0.14,,,,,,,,,,,,0.23,,,,,,,,17.29,,,1.6,1.15,3.09,,,,,,,,,0.04,,,,,,1.53,,34.15
2019,060300,,,,,,,,,,,,0.17,,,,,653,,0.46,,,,,,,,,,,,,,,,,,3.4,,,,,,,,,,,,4.5,,,,,1.4,,,0.54,,,0,0,0,,,,,,,,,0,,,,,,17.1,,680.57
2019,070900,,,,,,,,,,,,0.05,,,0,0,12434.75,,9.2,,,,,,0,,,,,,,,,,-0.01,,0.2,,,,,,,,,,,0.26,0,,,,,,,0,6.77,0.23,,0.03,0.03,0.03,,,,,,,,,0.09,,,0,,,0.6,,12452.23
2019,090100,,,,,,,,,,,,0.04,,,0.4,,9917.93,,20.07,,,,,,0,,0.35,,,,,,,,0,,0.68,,,,,,0.0006,,,0.01,,0.12,,,,,,,0.21,0.01,15.01,0.01,,5.59,1.43,2.89,0.38,,,,,,,,2,,,0.19,,,6.66,0.07,9974.0506
2019,090200,,,,,,,,,,,,0.08,,,0,,18683.82,,13.17,,,,,,0,,,,,,,,,,0,,0.27,,,,,,,,,,,0.35,,,,,,,,0,15.55,0.34,,0.05,0.01,0.04,,,,,,,,,0.08,,,0,,,0.87,,18714.63
2019,101100,,,,,,,0.15,,,,,,,,0.04,,,,0.07,,,,,,,,,,,,,,,,,,0.36,,,,,,,,,,,,,,,,,,,,0.08,,,,,0.01,,,,,,,,,0,,,0.14,,,24.37,0.1,25.32
2019,120800,,,,,,,,,,,,0,,,,,43.93,,0.09,,,,,,,,,,,,,,,,0,,0,,,,,,,,,,,0,,,,,,,,,0.34,0,,0.03,0.03,0,,,,,,,,,0.02,,,,3.7,,7.19,2,57.33
2019,140500,,,,,,,,,,,,0,,,,,,,0.32,,,,,,,,,,,,,,,,,,0.01,,,,,,,,,,,0.01,,,,,,,,,0.38,,,0.01,0.01,0.02,,,,,,,,,0,,,,,,3.47,,4.23
2019,191700,,,,,,,,,,,,0.03,,,0.11,,933.59,,0.97,,,,,,,,,,,,,,,,0.06,,0.02,,,,,,0.1004,,,,,0.02,,0.02,,0.24,,,,,0.78,0,,23.08,12.65,0,0,,,,,,,,0.14,,,1.49,,,9.55,0.82,983.6704
2019,240600,,,,,,,,,,,,0.69,,,,,25770.63,,0.8,,,,,,,,,,,,,,,,0.01,,0.39,,,,,,,,,,,0.5,,,,,,,,,17.52,0.46,,0.06,0.04,0.07,,,,,,,,,0.13,,,,,,1.72,0,25793.02
2019,401200,,,,,,,,,,,,3.44,,,0,0,169706,,720.1,,,,,,0.65,,,,,,,,,,0,,0.64,,,0.81,,,0.1515,,,0.68,,2.45,,,,,,,,0.45,201,0.22,,54.98,50.98,23.39,,,,,,,,,32.17,0,,0,,,38.39,,170836.5015
2019,413500,,,,,,,,,,,,0.02,,,0,0,8266.85,,5.95,,,,,,0,,,,,,,,,,0,,0.12,,,,,,,,,,,0.16,,,,,,,,0,4.39,0.15,,2.72,2.72,0.02,,,,,,,,,0.04,,,0,,,0.38,,8283.52
2019,415001,,,,,,,0.09,,,,,,,,0.04,,,,,,,,,,,,,,,,,,,,,,0.21,,,,,,,,,,,,,,,,,,,,,,,,,,,,,,,,,,,,,0.17,,,15.28,0.04,15.83
2019,417200,,,,,,,,0.71,0.05,,,95.67,0,0.02,0.42,0,2830364.49,0.02,208.86,,,0,,0.01,0,0,,0.47,,0.01,,0.01,,,1.21,6.49,0.33,0,2.97,0.95,,2.69,0.014,0,,0.02,0.0032,152.84,,0.1,0,0.62,0.1,0.05,0.27,0.02,1022.79,20.71,,91.93,58.13,87.99,0,,,,0.07,0.44,0.05,0.53,1130.67,31.77,,3.69,,,57.08,7.36,2833352.627
2019,419000,,,,,,,,,,,,0.43,,,0.06,,18098.97,,30.14,,,,,,,,,,,,,,,,0,,0.14,,0.37,0.15,,,0.003,,,0.01,,7.69,,,,,,,,0,15.82,0.05,,4.13,1.42,2.26,,,,,,,,,28.03,,,,,,1.4,,18191.073
2019,445500,,,,,,,,,,,,0.03,,,,,7989.78,,5.62,,,,,,,,,,,,,,0.02,,0,,0.12,,,,,,,,,,,0.15,,,,,,,,,3.74,0.08,,0.01,0.01,0.02,,,,,,,,,0.04,,,0,,,0.38,,8000
2019,448000,,,,,0.02,,,,,,,0.65,,0,0.19,0,25593.75,,20.73,,,,,,0.01,,,,,,,,,,0.04,,0.36,,,,,,0.0496,,,0.01,0.0001,0.63,,,,,,,0.17,0,20.43,0.53,0.31,22.43,17.8,1.26,,,,,,,,,0.42,,,0.03,,,19.11,,25698.9297
2019,451102,,,,,,,0.45,,,,,0,,,0.36,,1591.84,,3.61,,,,,,,,,,,,,,,,,,0.96,,,,,,,0.34,,,,0.06,,,,,,,,,2.87,0.01,,0.11,0.1,0.09,,,,0,,,,,0.14,,,0.93,,,66,0.11,1667.98
2019,451300,,,0,,,,,,,,,0.08,,,,,2840.47,,1.94,,,,,,,,,,0,,,,,,0,,0.06,,,,,,,,,,,0.07,0,0,0,0,,0,,,2.22,0,,0.02,0.02,,0,,,,,,,0,0,,,0.04,,,12.82,0.04,2857.78
2019,452000,,0.11,0.01,,,,,,,,0.19,,,,0.08,,91686.88,,9.61,,,,0.26,,,,,,,0.05,,0.02,,0.13,,0.12,0.32,,3.16,,,,0.1566,,,,,3775.79,2.16,,,0.11,,0.73,0.15,,26.44,0.33,,40.78,19.47,0.72,,,,,,,,0.02,9.46,,0.35,2.4,0.28,,34.56,0.81,95615.6566
2019,456001,,,,,,,,,,,,,,,,,3171.58,,2.22,,,,,,,,,,,,,,,,,,,,,,,,,,,,,,,,,,,,,,2.64,,,0.2,0.2,0.15,,,,,,,,,0.02,,,,,,37.41,,3214.42
2019,458000,,,,,,,,0.26,,,,1.12,,,0.32,,45954.5,,232.65,,,,,,0.13,,,,,,0.14,,,,0.63,,0.64,,,,,,0.0024,,,0.16,,0.79,,,,,,,,0.07,46.15,0.07,,21.1,12.14,5.14,,,,,0.02,,,,7.16,,,0.2,,,19.16,0.04,46302.5924
2019,460002,,,,,,,,,,,,0.02,,,,,2676.9,,1.94,,,,,,,,,,,,,,0.01,,0,,0.04,,,,,,,,,,,0.05,,,,,,,,,1.38,0.02,,2.22,2.22,0.12,,,,,,,,,0.02,,,,,,0.13,,2685.07
2019,461000,,,0.23,0,,,0.13,,,,,27.98,,,0.5,0,47644.09,0,62.14,,0,,,,0,,,,,,0.02,,,,1.06,,1.23,,0.32,0.03,,,0.0013,0.11,0.66,,0.0002,4.65,,,,,0.74,,0.22,0,58.09,0.62,,17.63,13.73,8.3,,,0.85,,,,,6.02,3.33,,,1.15,,,126.54,1.49,47981.8615
2019,462100,,,,,,,,,,,,0.67,,,,,25690.57,,1.8,,,,,,,,,,,,,,,,,,0.39,,,,,,0.0001,,,,,0.48,,,,,,,,,20.69,0.04,,3.75,3.54,0.06,,,,,,,,,0.13,,,,,,1.16,,25723.2801
2019,464400,,,,,,,,,,,,0.19,,,,,,,1.16,,,,,,,,,,,,,,,,,,,,,,,,,,,,,,,,,,,,,,12.29,,,1.39,0.53,0.37,,,,,,,,,6.34,,,,,,0.28,,22.55
2019,488600,,,0.06,,,,,,,,,4.34,,,0.16,,587444.06,0.29,1162.9,,0.63,,,,,,,,,,,,,,,0.1,1.61,,44.58,,,,0.0004,,,,,6.93,0,,,,,,,,625.82,1.13,,28.82,23.59,19.38,,,,,,,,30.28,2836.54,,,0.55,,,238.93,0.02,592470.7204
2019,491200,,,,,,,,,,,,0.03,,,0.03,,13624.34,,5.11,,,,,,,,,,,,,,0,,0,,0.11,,,,,,,,,,,0.39,,,,,,,,0,6.3,0.17,,2.8,2.73,0.33,,,,,,,,,0.08,,,0.01,,,0.44,0.01,13642.88
2019,492700,,0.13,0.07,,,0.32,,,0.19,,,157.44,0.05,0,14.19,0,1064954.06,15.65,3253.74,,1.12,,,,1.88,0,1.4,,,,,,,,,0.73,6.05,,85.34,,155.74,,0.0247,,,0,0.0009,17.92,48.37,3.08,,,0.36,,3.84,0.24,2851.85,2.88,,510.51,338.93,282.25,20.77,,,0.28,,,,0.1,2666.62,,,3.76,,,326.24,0.17,1075726.296
2019,495000,,,,,,,,,,,,,,,,,24308.82,,10.98,,,,,,,,,,,,,,,,,,,,0.16,,,,,,,,,219.8,,,,,,0.16,,,4.46,0.08,,2.33,2.33,0.77,,,,,,,,,1.43,,,0.49,,,2.86,0.17,24554.84
2019,496101,,,,,,,,,,,,0,,,,,,,0.13,,,,,,,,,,,,,,,,,,0,,,,,,,,,,,,,,,,,,,,0.15,,,0,0,0.01,,,,,,,,,0,,,,,,28.9,,29.19
2019,499400,,,,,,,,,,,,0.01,,,,,348.81,,0.25,,,,,,,,,,,,,,,,0,,0.01,,0,0.03,,,,,,,,0.01,,,,,,,,,31.19,0,,0,0,0,,,,,,,,,0,,2.38,,,,0.29,,382.98
2019,504100,,,,,,,,,,,,0.01,,,0,,,0,0.36,,0,,,,,,,,,,,,,,,,,,0.3,,,,,,,,,0.01,13.21,,,,,,,,2.26,0.06,,19.55,6.41,0.05,,,,,,,,,6.13,,,,,,13.34,,61.69
2019,512800,,,0.06,,,,,,,,,19.13,,,0.05,,3177400.48,0.1,1130.83,,0.16,,,,0.03,,,,,,,,,,,0.1,1.72,,12.22,,,,0.2189,,,1.43,0.0003,4.16,23.25,,,,,,,0,299.25,1.78,,127.49,66.65,55.59,1.39,0.53,,,,,,,1267.55,,,0.01,,,44.49,0.02,3180458.689
2019,515100,,,,,,,,,,,,0,0,0,,0,3600.63,,2.53,,,,,,0,,,,,,,,,,0,0.01,0.05,,,,,,0.0009,,,,,0.05,0.03,,,,,,,0,3.01,0,,0.11,0.1,0,,,,,,,0,,0,,,,,,0.26,,3606.7809
2019,521302,,,,,,,,,,,0.15,,,,,,42737.63,,0.28,,,,0.22,,,,,,,,,,,0.11,,,0.27,,1.03,,,,,,,,,1153.18,,,,,,0.57,,,2.3,0.1,,9.2,9.2,0.91,,,,,,,,,4.43,,0.29,1.69,0.18,,9.54,0.6,43931.88
2019,521500,,,,,,,,,,,,0.01,,,,,3783.02,,2.66,,,,,,,,,,,,,,,,0,,0.06,,0.05,,,,,,,,,0.08,0.15,,,,,1.21,,,3.17,0,,0.46,0.46,0.49,,,,,,,,,0.02,,,3.96,0.08,,9.13,,3805.01
2019,524000,,,,,,,,,,,,,,,,,,,0.77,,,,,,0.13,,,,,,,,,,,0.59,,,,,,,0.02,,,,,,,,,,,,,,2.1,0.92,,0.75,0.7,,,,,,,,,,0.01,,,2.4,,,8.01,1.94,18.34
2019,526302,,,,,,,,,,,,0.06,,,,,2194.59,,1.1,,,,,,,,,,,,,,,,0.04,,0.89,,,,,,,,,,,224.03,,,,,,,,,2.32,0,,0.04,0.04,0.16,,,,,,,,,0.01,,,,,,5.58,,2428.86
2019,562700,,,,,,,,,,,,0.15,,0,0,0,38587.47,,27,,,,,,0,,,,,,,,,,0.03,,0.58,,,,,,0.0002,,,0,0.0001,0.73,,,,,,,0,0,40.42,0.08,,0.16,0.13,0.1,,,,,,,,,0.19,,,0,,,1.77,,38658.8103
2019,562900,,,,,0,,,,,,,0.72,,,0,0,26711.82,,7.81,,,,,,0,,,,,,,,,,0.01,,0.4,,,,,,0.0001,,,,,0.51,,,,,,,,0,29.67,0.04,,2.16,2.15,0.08,,,,,,,,,0.14,,,0,,,2.85,,26758.3601
2019,564500,,,,,,,,,,,,1.05,,,0,0,37500,,16.82,,0,,,,0,,,,,,,,,,0.02,,0.58,,0.13,,,,0.0004,,,,,0.71,,,,,,,0,0,38.32,0.07,,8.64,6.98,1.78,,,,,,,,6.71,0.19,,,29.71,,,123.66,0.47,37735.8404
2019,980800,,,,,,,,,,,,0.47,0,,0.14,0,29798.66,,45.66,,,,,,0,,,,,,0.03,,,,1.11,,0.59,,,,,,0.0006,,,,,4.63,,,,,,,,0,25.39,0.03,,5.18,2.66,1.42,,,,,,,,,1.3,,,0.02,,,11.96,0.04,29899.2906
2019,980900,0.06,,,,0.42,,,0.02,0,,,2.86,,,0.03,,46125.33,0.29,34.69,,,0.01,,0.49,,,,,,,0.01,0.01,,,0.31,,0,0,0.02,,11.86,,,0,,0,0.0012,0.85,,0,0.09,,,0.38,0.23,0,20.46,0.09,,7.52,6.99,2.05,,,,0,,0,,0.01,0.5,,0.38,0.72,0.06,,16.99,1,46234.7312
2019,982200,,,,,,,,,,,,1.59,,0,0,0,59444.74,,6.54,,,,,,0,,,,,,,,,,0.03,,0.89,,,,,,0.0002,,,0,0.0001,1.13,,,,,,,0,0,62.13,0.11,,0.94,0.94,2.83,,,,,,,,,0.3,,,0,,,2.72,,59524.8903